{
  "" : {
    "transaction" : "",
    "sampleCount" : 12500,
    "errorCount" : 3313,
    "errorPct" : 26.504,
    "meanResTime" : 7436.98159999998,
    "medianResTime" : 5059.5,
    "minResTime" : 62.0,
    "maxResTime" : 73984.0,
    "pct1ResTime" : 16560.499999999993,
    "pct2ResTime" : 21537.09999999998,
    "pct3ResTime" : 31265.989999999998,
    "throughput" : 28.454683071739947,
    "receivedKBytesPerSec" : 2983.737659559635,
    "sentKBytesPerSec" : 87.96498508974607
  },
  "-519" : {
    "transaction" : "-519",
    "sampleCount" : 2500,
    "errorCount" : 20,
    "errorPct" : 0.8,
    "meanResTime" : 641.5768,
    "medianResTime" : 437.5,
    "minResTime" : 9.0,
    "maxResTime" : 8772.0,
    "pct1ResTime" : 1385.6000000000004,
    "pct2ResTime" : 1688.8999999999996,
    "pct3ResTime" : 3716.6999999999935,
    "throughput" : 5.715944971454571,
    "receivedKBytesPerSec" : 2.2791884015474206,
    "sentKBytesPerSec" : 2.7463329355035633
  },
  "-530" : {
    "transaction" : "-530",
    "sampleCount" : 2500,
    "errorCount" : 536,
    "errorPct" : 21.44,
    "meanResTime" : 788.7360000000001,
    "medianResTime" : 679.0,
    "minResTime" : 8.0,
    "maxResTime" : 8802.0,
    "pct1ResTime" : 1352.9,
    "pct2ResTime" : 1660.5499999999984,
    "pct3ResTime" : 4073.8799999999974,
    "throughput" : 5.717291376037688,
    "receivedKBytesPerSec" : 6.1772139674857645,
    "sentKBytesPerSec" : 3.707306126649439
  },
  "-532" : {
    "transaction" : "-532",
    "sampleCount" : 2500,
    "errorCount" : 34,
    "errorPct" : 1.36,
    "meanResTime" : 537.9907999999996,
    "medianResTime" : 421.0,
    "minResTime" : 6.0,
    "maxResTime" : 8775.0,
    "pct1ResTime" : 962.0,
    "pct2ResTime" : 1387.8999999999996,
    "pct3ResTime" : 2535.6499999999924,
    "throughput" : 5.720391823958374,
    "receivedKBytesPerSec" : 2.2782711774625715,
    "sentKBytesPerSec" : 2.7484695091674998
  },
  "-531" : {
    "transaction" : "-531",
    "sampleCount" : 2500,
    "errorCount" : 0,
    "errorPct" : 0.0,
    "meanResTime" : 790.7996,
    "medianResTime" : 542.0,
    "minResTime" : 13.0,
    "maxResTime" : 17513.0,
    "pct1ResTime" : 1626.9,
    "pct2ResTime" : 2229.8499999999995,
    "pct3ResTime" : 4925.779999999995,
    "throughput" : 5.71891313199709,
    "receivedKBytesPerSec" : 51.504225615555214,
    "sentKBytesPerSec" : 2.971154088107863
  },
  "-516" : {
    "transaction" : "-516",
    "sampleCount" : 2500,
    "errorCount" : 0,
    "errorPct" : 0.0,
    "meanResTime" : 13786.28439999998,
    "medianResTime" : 12918.5,
    "minResTime" : 97.0,
    "maxResTime" : 71441.0,
    "pct1ResTime" : 24758.300000000003,
    "pct2ResTime" : 28677.949999999986,
    "pct3ResTime" : 37786.25999999994,
    "throughput" : 5.706134094151213,
    "receivedKBytesPerSec" : 2312.8828258737517,
    "sentKBytesPerSec" : 2.44070970042796
  },
  "-538" : {
    "transaction" : "-538",
    "sampleCount" : 2500,
    "errorCount" : 519,
    "errorPct" : 20.76,
    "meanResTime" : 751.2568000000016,
    "medianResTime" : 663.0,
    "minResTime" : 6.0,
    "maxResTime" : 5284.0,
    "pct1ResTime" : 1349.9,
    "pct2ResTime" : 1654.9499999999998,
    "pct3ResTime" : 2682.809999999974,
    "throughput" : 5.7247145084874616,
    "receivedKBytesPerSec" : 6.180676838005464,
    "sentKBytesPerSec" : 3.7121195640973386
  },
  "-515" : {
    "transaction" : "-515",
    "sampleCount" : 2500,
    "errorCount" : 0,
    "errorPct" : 0.0,
    "meanResTime" : 665.0703999999997,
    "medianResTime" : 442.5,
    "minResTime" : 4.0,
    "maxResTime" : 17703.0,
    "pct1ResTime" : 1374.2000000000007,
    "pct2ResTime" : 1793.2999999999975,
    "pct3ResTime" : 4476.859999999997,
    "throughput" : 5.712836286107982,
    "receivedKBytesPerSec" : 26.843341246563728,
    "sentKBytesPerSec" : 2.482629050115285
  },
  "-537" : {
    "transaction" : "-537",
    "sampleCount" : 2500,
    "errorCount" : 589,
    "errorPct" : 23.56,
    "meanResTime" : 1753.9484000000016,
    "medianResTime" : 1017.5,
    "minResTime" : 21.0,
    "maxResTime" : 14290.0,
    "pct1ResTime" : 4329.500000000004,
    "pct2ResTime" : 5721.349999999998,
    "pct3ResTime" : 9049.339999999964,
    "throughput" : 5.723403914350405,
    "receivedKBytesPerSec" : 2.9651658971550106,
    "sentKBytesPerSec" : 7.970287091663748
  },
  "-518" : {
    "transaction" : "-518",
    "sampleCount" : 2500,
    "errorCount" : 305,
    "errorPct" : 12.2,
    "meanResTime" : 1167.5076000000001,
    "medianResTime" : 1008.0,
    "minResTime" : 115.0,
    "maxResTime" : 8989.0,
    "pct1ResTime" : 2052.9,
    "pct2ResTime" : 2468.8499999999995,
    "pct3ResTime" : 4117.619999999948,
    "throughput" : 5.714285714285714,
    "receivedKBytesPerSec" : 4.025279017857143,
    "sentKBytesPerSec" : 3.1808035714285716
  },
  "-517" : {
    "transaction" : "-517",
    "sampleCount" : 2500,
    "errorCount" : 0,
    "errorPct" : 0.0,
    "meanResTime" : 1089.6960000000015,
    "medianResTime" : 568.5,
    "minResTime" : 10.0,
    "maxResTime" : 15587.0,
    "pct1ResTime" : 2398.5000000000023,
    "pct2ResTime" : 3866.749999999999,
    "pct3ResTime" : 9498.939999999999,
    "throughput" : 5.715056430467195,
    "receivedKBytesPerSec" : 2.282673906309651,
    "sentKBytesPerSec" : 2.7626493487121695
  },
  "-539" : {
    "transaction" : "-539",
    "sampleCount" : 2500,
    "errorCount" : 512,
    "errorPct" : 20.48,
    "meanResTime" : 724.4523999999999,
    "medianResTime" : 642.0,
    "minResTime" : 8.0,
    "maxResTime" : 7232.0,
    "pct1ResTime" : 1292.8000000000002,
    "pct2ResTime" : 1638.8999999999996,
    "pct3ResTime" : 2718.7999999999956,
    "throughput" : 5.72547492814529,
    "receivedKBytesPerSec" : 6.1883997047086305,
    "sentKBytesPerSec" : 3.7126126487192113
  },
  "-534" : {
    "transaction" : "-534",
    "sampleCount" : 2500,
    "errorCount" : 572,
    "errorPct" : 22.88,
    "meanResTime" : 759.5119999999988,
    "medianResTime" : 646.0,
    "minResTime" : 7.0,
    "maxResTime" : 8905.0,
    "pct1ResTime" : 1353.0,
    "pct2ResTime" : 1650.7999999999993,
    "pct3ResTime" : 2953.719999999994,
    "throughput" : 5.721897472752325,
    "receivedKBytesPerSec" : 6.133201320814203,
    "sentKBytesPerSec" : 3.710292892487835
  },
  "-533" : {
    "transaction" : "-533",
    "sampleCount" : 2500,
    "errorCount" : 32,
    "errorPct" : 1.28,
    "meanResTime" : 531.7907999999998,
    "medianResTime" : 427.0,
    "minResTime" : 7.0,
    "maxResTime" : 11602.0,
    "pct1ResTime" : 947.0,
    "pct2ResTime" : 1296.9499999999998,
    "pct3ResTime" : 2267.309999999985,
    "throughput" : 5.721085633209758,
    "receivedKBytesPerSec" : 2.2789318876149935,
    "sentKBytesPerSec" : 2.748802862831251
  },
  "-514" : {
    "transaction" : "-514",
    "sampleCount" : 2500,
    "errorCount" : 0,
    "errorPct" : 0.0,
    "meanResTime" : 962.5475999999995,
    "medianResTime" : 636.0,
    "minResTime" : 9.0,
    "maxResTime" : 17412.0,
    "pct1ResTime" : 1855.0,
    "pct2ResTime" : 2769.8499999999995,
    "pct3ResTime" : 6309.579999999969,
    "throughput" : 5.708714009412527,
    "receivedKBytesPerSec" : 48.60448835864767,
    "sentKBytesPerSec" : 2.55331153936615
  },
  "-536" : {
    "transaction" : "-536",
    "sampleCount" : 2500,
    "errorCount" : 42,
    "errorPct" : 1.68,
    "meanResTime" : 549.1520000000011,
    "medianResTime" : 423.5,
    "minResTime" : 5.0,
    "maxResTime" : 8545.0,
    "pct1ResTime" : 981.9000000000001,
    "pct2ResTime" : 1424.5999999999985,
    "pct3ResTime" : 3264.9799999999996,
    "throughput" : 5.722499954220001,
    "receivedKBytesPerSec" : 2.277572864591917,
    "sentKBytesPerSec" : 2.8221313250791993
  },
  "-535" : {
    "transaction" : "-535",
    "sampleCount" : 2500,
    "errorCount" : 547,
    "errorPct" : 21.88,
    "meanResTime" : 765.4703999999987,
    "medianResTime" : 652.0,
    "minResTime" : 11.0,
    "maxResTime" : 9308.0,
    "pct1ResTime" : 1352.9,
    "pct2ResTime" : 1627.7999999999993,